{"cameraMode":{"drawMode":0,"name":"Shaded","section":"Shading Mode"},"sceneLighting":false,"audioPlay":false,"sceneViewState":{"showFog":true,"showMaterialUpdate":false,"showSkybox":true,"showFlares":true,"showImageEffects":true,"showParticleSystems":true,"showVisualEffectGraphs":true,"m_FxEnabled":false},"in2DMode":false,"pivot":{"x":18.965036392211915,"y":-19.830902099609376,"z":24.981658935546876},"rotation":{"x":0.45445680618286135,"y":0.16607233881950379,"z":-0.08653467893600464,"w":0.8709540963172913},"size":17.339799880981447,"orthographic":false}