{"cameraMode":{"drawMode":0,"name":"Shaded","section":"Shading Mode"},"sceneLighting":false,"audioPlay":false,"sceneViewState":{"showFog":true,"showMaterialUpdate":false,"showSkybox":true,"showFlares":true,"showImageEffects":true,"showParticleSystems":true,"showVisualEffectGraphs":true,"m_FxEnabled":false},"in2DMode":false,"pivot":{"x":-2.6600379943847658,"y":-3.2348825931549074,"z":11.46551513671875},"rotation":{"x":0.15361861884593965,"y":-0.12144295126199722,"z":0.019091948866844178,"w":0.9806283712387085},"size":6.330081462860107,"orthographic":false}