{"cameraMode":{"drawMode":0,"name":"Shaded","section":"Shading Mode"},"sceneLighting":false,"audioPlay":false,"sceneViewState":{"showFog":true,"showMaterialUpdate":true,"showSkybox":true,"showFlares":true,"showImageEffects":true,"showParticleSystems":true,"showVisualEffectGraphs":true,"m_FxEnabled":false},"in2DMode":false,"pivot":{"x":10.423906326293946,"y":-2.3807201385498049,"z":-8.735888481140137},"rotation":{"x":-0.004992703441530466,"y":0.9745662808418274,"z":-0.22337621450424195,"w":-0.022526731714606286},"size":10.990676879882813,"orthographic":false}