{"cameraMode":{"drawMode":0,"name":"Shaded","section":"Shading Mode"},"sceneLighting":false,"audioPlay":false,"sceneViewState":{"showFog":true,"showMaterialUpdate":false,"showSkybox":true,"showFlares":true,"showImageEffects":true,"showParticleSystems":true,"showVisualEffectGraphs":true,"m_FxEnabled":false},"in2DMode":false,"pivot":{"x":0.9108213782310486,"y":0.12388046085834503,"z":-0.8026127815246582},"rotation":{"x":0.11943160742521286,"y":0.8737075924873352,"z":-0.2681906521320343,"w":0.38849931955337527},"size":1.870962142944336,"orthographic":false}