{"cameraMode":{"drawMode":0,"name":"Shaded","section":"Shading Mode"},"sceneLighting":false,"audioPlay":false,"sceneViewState":{"showFog":true,"showMaterialUpdate":false,"showSkybox":false,"showFlares":true,"showImageEffects":true,"showParticleSystems":true,"showVisualEffectGraphs":true,"m_FxEnabled":false},"in2DMode":false,"pivot":{"x":0.5104815363883972,"y":0.7592552900314331,"z":1.3386553525924683},"rotation":{"x":-0.032855499535799029,"y":-0.9415856003761292,"z":0.1004934310913086,"w":-0.32033249735832217},"size":2.1794495582580568,"orthographic":false}